user_id	item_id
111413851	233216799
43484740	88769
41558392	58422127
105315608	22480731
109092473	304417285
302466	390841005
136286592	190177818
115136933	48267628
63004058	351684132
115852613	163949624
50146084	242709260
19950899	62858944
30354420	335205653
40406632	324232322
118822821	758746
24472810	36435458
120305341	66795195
40528453	361357012
116523407	119930041
48362340	270145097
121658987	240657308
142159824	179625206
13709817	56872257
3320605	215243753
2048794	252564781
137358666	161591464
107143838	226515608
43484740	222614344
51318043	99705326
42793246	330687918
42096946	35171962
20231406	286026539
100397503	43249679
114099881	333028913
4915814	186653415
17562880	392337274
18249259	80411699
53091371	295303738
5369231	56559040
30009492	196793876
111413851	113752949
1390654	268612485
49221063	39475027
56818905	192196843
112658053	239896170
50936650	376180369
53976869	43508009
59556336	109257437
21060159	185485928
28708550	234841373
121055447	234648388
29684399	8816162
105906755	167822567
134979525	338630082
22099113	234949882
6264206	75310164
135249894	39554131
64019348	242959465
51004531	178721544
106290839	292666180
4498439	74977824
40528453	319719400
447828	206016051
135378246	400701289
105679988	109342854
118509390	309984252
134669262	225396370
117707223	263586939
28204430	249690939
56011760	98656648
128441868	123705616
122132057	317459368
135567210	263346627
131019638	155588139
100171465	282381791
20462589	49483732
46729748	400840831
21150501	327378015
15033334	6795748
123839396	173802353
11962560	321005458
132432194	92431073
25295611	112263922
25438534	298471056
60380684	237223630
32079118	23362852
17171257	223441580
28883723	260226898
53314277	167174269
29194001	222352590
125690411	30964096
54614978	195619344
46312028	388470820
110329285	117094879
2171674	259819305
131771456	403813216
112631605	206607870
135894801	233678245
31510981	97623200
44142824	273532679
112619968	95867699
112658053	137407767
129052581	359373416
15033334	44937462
135378246	372797306
136286592	377941675
134116374	167063158
121299887	336162847
56269254	161850979
46312028	97529977
29499215	77051146
104550352	283567102
34125247	204680146
63509042	67516308
107264414	274520757
56743230	295993609
18594472	104202558
28178051	249403460
34085107	294614743
18488008	163689973
21128922	347221497
120305341	126007808
29684399	134632501
12350817	208604907
28865588	300849876
11594934	55807645
50114359	283687321
126674457	229937058
101105140	385241743
135567210	28644360
2636701	185178529
46534133	130294616
37100390	399051184
48362340	118448109
140863667	360827124
131856122	58774133
124956647	159219622
138961180	284608420
122630648	334485827
43205692	93328999
135378246	180200233
128496906	86623018
48967362	68940123
17307610	277237436
120305341	127861086
49221063	196613518
128338662	311499944
24186535	147274225
110933884	231402044
11594934	144053049
111793402	194109891
28557548	1696120
135809553	188340393
36639152	366484499
112658053	1061648
140503562	11285604
49174335	94062845
16077718	80304987
135567210	369396275
11366706	233101284
4915814	148270332
4915814	343575787
18594472	146230850
530238	69382307
137856687	359878214
12257382	185913169
120305341	397652066
23246977	74146639
121923944	381679323
43205692	312526728
27795908	8747111
120305341	175764779
104876086	202040533
17307610	83021223
18594472	85202142
17307610	262626232
43205692	19046121
110948224	202804844
120305341	98445367
63623282	244553557
29201000	68872441
29499215	391850817
114099881	342049652
137515335	83013703
141531335	243014811
128008896	137318721
110067667	289330031
59556336	157378005
49711251	123974875
17171257	294328829
5371991	131188564
40528453	24106739
120306985	75693482
54041681	303623649
27496280	172658863
50805790	70291150
137490870	320821185
103823974	37910916
136286592	247383069
136286592	341533485
40165705	117547812
109737327	89894116
25609192	135038181
123839396	339797425
11366706	314633261
29201000	82160787
138589540	170742994
138709606	386751326
120210733	342901033
15362806	86071912
46729748	310695911
59356413	280303221
138961180	243088323
45429617	180220588
109571091	23799630
20501826	238675841
24979429	167780112
42096946	386923481
120305341	362441436
302466	250092278
62798888	33168111
54041681	278129435
51813809	282618528
50805790	127342263
128535231	238621574
137334222	214539334
4320107	28837902
17219776	128702084
41686678	385753960
106960781	328874301
19371422	285938503
128158908	128385083
62263166	22181492
53667812	205032147
100724935	289562674
105410696	313461858
25286173	160598516
31182685	332581378
50142094	254127882
43205692	396171430
43484740	122728309
116447243	58496562
104550352	360143307
50114359	183038900
138560071	100530226
122645273	346551228
130797629	315008921
43205692	378730350
109016093	398105124
13709817	299941043
136286592	115214235
105805055	96578548
58891608	140849766
51813809	972416
113010458	86463202
37926938	359746070
136286592	382008047
57269349	42730171
141571064	189606799
17811184	22632829
46345739	321886986
35318524	117058179
5369231	394658338
106290839	1993221
136286592	222767568
135792408	290999637
42096946	23893034
2854798	125518814
6264206	352084967
22726524	272369633
61432703	337098384
18176035	47092763
10820115	98195170
30591498	220401889
42096946	120214329
27317801	13653568
40528453	112501186
128471427	174702907
3697045	122615441
49221063	76942520
135378246	154200932
135567210	56354946
46312028	5868986
137507730	329887367
54007481	372291094
142014633	392406846
56269254	56659837
45069500	192219540
112658053	307542920
2854798	257727704
12952941	316324532
142191573	44523695
10129914	249618450
138210216	183333503
135809553	292173570
27831488	328371723
137758701	222559857
35520386	366127367
35520386	39089903
20612499	401410730
12506484	317247542
134891106	179345572
120305341	321551445
43205692	187708707
137507730	358788976
56993964	305742819
40528453	58187981
46312028	120428365
18488008	268865942
32384032	319984203
135567210	147681344
113579729	330674301
115537643	391425064
29518607	1181345
122357858	242725915
111382789	261554871
62693996	353217183
120305341	203040432
51318043	383542773
139274689	47904066
116631182	211666518
53504429	238589408
27496280	141665547
128441868	276316706
62879735	384038335
42096946	225463772
42096946	35946273
54057266	397656480
132236660	381125638
142191573	277149740
120305341	286385973
11594934	55559718
115852613	358192277
23344525	310112322
134327445	5155989
61432703	367006414
115669976	304554880
115170791	207304021
116968292	266743610
25737649	17712290
16407724	374836139
115856090	250568332
5027015	262178796
42793246	125634399
109737327	150724185
135944085	288901291
100422676	261916960
4915814	398989681
17171257	218880040
317091	233292622
23749054	299809379
18959614	157456232
29684399	125157108
5257922	370366552
6270956	274921888
49174335	206855739
120305341	215082369
134116374	310599523
26037919	83998781
54007481	335779222
134099205	140269020
18594472	361190274
128338662	160977723
40528453	66985938
141287867	296607838
127383669	197488747
62879735	249061444
4087217	196276413
20501826	344294537
38974214	322550392
120278269	238289627
113010458	128538534
31182685	73233753
61875821	117407376
135378246	21875449
120305341	289899078
126674457	364061260
100184380	98113284
31182685	134493168
127204677	51835235
4968401	66804201
13492065	280674759
101289766	21540020
62879735	311053665
30411033	160977723
139060891	294750247
54860714	104492596
33635794	68289678
50805790	169746255
140318987	341161365
53961920	158824352
63509042	283645607
18959614	108852248
27496280	86610821
120305341	52507190
121271681	51200886
136286592	356686046
35702135	264042045
112141018	31193281
17448412	374880559
100184380	386120298
46729748	210012720
120305341	26257029
124675478	105337403
102681517	112523398
112201231	305849282
17307610	245722937
115537643	72301447
47688515	214365407
134116374	293229160
37100390	114936116
10876284	368359382
113512469	61064707
116523407	360817002
22259706	174667522
135200142	283700887
42966754	181427662
27317801	68820487
105805055	216704309
530238	165455096
15033334	297189143
21908559	316957378
3320605	362277971
23787016	222501062
138961180	98603220
13709817	301730836
42500665	302072960
36656480	31123422
46312028	197291039
135378246	133073301
42096946	395074329
11962560	338262051
58399743	217054155
36656480	63093626
44182382	291503193
56993964	308089680
101105140	186911806
62053130	151900364
120305341	276935287
121271681	248251873
20170290	255284313
110961790	355426498
102506116	119439995
60913700	89042044
101680957	224805315
133149785	404069804
50114359	229347739
61432703	51734688
136286592	91500364
28865588	266256909
136286592	51472776
2854798	183548496
50783368	205542738
60913700	36791561
137640381	205571401
117199100	165999446
138780010	401070714
50146084	369875217
120305341	189099117
26491468	22565309
53091371	260475256
132424760	69977335
57679953	333028913
21150501	283810029
113512469	150429306
26037919	70506159
26926537	262414625
35482754	307600160
61432703	53382385
